{
  "usesTypeScript": true,
  "usesStyledComponents": false,
  "usesCssModule": true,
  "cssPreprocessor": "scss",
  "testLibrary": "None",
  "component": {
    "default": {
      "customTemplates": {
        "component": "templates/default/TemplateName.tsx",
        "style": "templates/default/TemplateName.module.scss",
        "index": "templates/default/index.ts"
      },
      "path": "src/components",
      "withStyle": true,
      "withTest": false,
      "withStory": false,
      "withLazy": false,
      "withIndex": true
    }
  }
}